{
    "ref": {
        "heat_hp_total": 6814,
        "el_chp_total": 0,
        "heat_boi_total": 0,
        "cool_cc_total": 7501,
        "hydrogen_elyz_total": 322,
        "el_dem_total": 35533,
        "gas_dem_total": 0,
        "chp_cap": 0,
        "hp_cap": 2698,
        "boiler_cap": 0,
        "chiller_cap": 6854,
        "elyz_cap": 191,
        "el_grid_cap": 14017.883891743739,
        "gas_grid_cap": 0.0,
        "gas_costs": 0.0,
        "el_costs": 5329950.0,
        "co2_costs": 0.0,
        "invest_om": 685621.1918773015,
        "tac": 6015571,
        "co2": 14213,
        "enable_chp": false,
        "enable_hp": true
    },
    "monthly_dem": {
        "heat": {
            "Jan": 1152.5400899999995,
            "Feb": 974.3465900000008,
            "Mar": 671.1773999999999,
            "Apr": 454.3837599999996,
            "May": 304.8094700000005,
            "Jun": 272.63411000000235,
            "Jul": 298.3868300000015,
            "Aug": 273.8780800000014,
            "Sep": 306.1785800000003,
            "Oct": 411.02428000000026,
            "Nov": 630.2412199999989,
            "Dec": 1064.6940900000004
        },
        "cool": {
            "Jan": 116.10402,
            "Feb": 112.20461999999996,
            "Mar": 232.38427000000007,
            "Apr": 289.6897800000004,
            "May": 635.7376999999999,
            "Jun": 1421.7191099999993,
            "Jul": 1844.7124999999996,
            "Aug": 1519.8679199999992,
            "Sep": 795.6454099999999,
            "Oct": 281.02153000000015,
            "Nov": 136.02449000000016,
            "Dec": 116.21100999999989
        },
        "power": {
            "Jan": 2818.175981420901,
            "Feb": 2467.8406159104015,
            "Mar": 2719.2531269822007,
            "Apr": 2599.446977463397,
            "May": 2811.3135419587024,
            "Jun": 2602.8909561623996,
            "Jul": 2718.996723571049,
            "Aug": 2817.4223405930684,
            "Sep": 2512.3650720601013,
            "Oct": 2809.8684467891994,
            "Nov": 2707.639255397301,
            "Dec": 2625.192840657201
        },
        "hydrogen": {
            "Jan": 28.181759814208974,
            "Feb": 24.678406159103954,
            "Mar": 27.19253126982199,
            "Apr": 25.994469774634002,
            "May": 28.113135419587053,
            "Jun": 26.028909561623998,
            "Jul": 27.189967235710995,
            "Aug": 28.17422340593102,
            "Sep": 25.123650720601024,
            "Oct": 28.098684467892014,
            "Nov": 27.076392553972994,
            "Dec": 26.251928406572027
        }
    },
    "year_peak": {
        "heat": 2698,
        "cool": 6854,
        "power": 13410,
        "hydrogen": 134
    },
    "year_sum": {
        "heat": 6814,
        "cool": 7501,
        "power": 32210,
        "hydrogen": 322
    }
}